timestamp,object_id,confidence,classification,result
2026-07-24 21:43:08,8,1.00,LID,DIVERTED
2026-07-24 21:43:18,9,1.00,LID,DIVERTED
2026-07-24 21:43:28,10,1.00,UNKNOWN,DIVERTED (unrecognized)
2026-07-24 21:43:35,11,1.00,LID,DIVERTED
2026-07-24 21:43:44,12,1.00,LID,DIVERTED
2026-07-24 21:43:56,13,1.00,LID,DIVERTED
2026-07-24 21:44:06,14,1.00,UNKNOWN,DIVERTED (unrecognized)
2026-07-24 21:44:14,15,1.00,UNKNOWN,DIVERTED (unrecognized)
2026-07-24 21:44:22,16,1.00,LID,DIVERTED
2026-07-24 21:44:33,17,1.00,LID,DIVERTED
2026-07-24 21:44:41,18,1.00,LID,DIVERTED
2026-07-24 21:44:51,19,1.00,UNKNOWN,DIVERTED (unrecognized)
2026-07-24 21:45:02,20,1.00,LID,DIVERTED
2026-07-24 21:45:47,0,1.00,LID,DIVERTED
2026-07-24 21:45:55,1,1.00,LID,DIVERTED
2026-07-24 21:46:04,2,1.00,UNKNOWN,DIVERTED (unrecognized)
2026-07-24 21:46:16,3,1.00,UNKNOWN,DIVERTED (unrecognized)
2026-07-24 21:46:25,0,1.00,UNKNOWN,DIVERTED (unrecognized)
2026-07-24 21:46:26,1,1.00,LID,DIVERTED
2026-07-24 21:46:34,2,1.00,BASE,PASSED THROUGH
2026-07-24 21:46:34,3,1.00,BASE,PASSED THROUGH
2026-07-24 21:46:42,4,1.00,BASE,PASSED THROUGH
2026-07-24 21:46:46,5,1.00,LID,DIVERTED
2026-07-24 21:46:50,6,1.00,BASE,PASSED THROUGH
2026-07-24 21:46:51,7,1.00,UNKNOWN,DIVERTED (unrecognized)
2026-07-24 21:46:52,8,1.00,UNKNOWN,DIVERTED (unrecognized)
2026-07-24 21:46:59,9,1.00,LID,DIVERTED
2026-07-24 21:47:05,10,1.00,BASE,PASSED THROUGH
2026-07-24 21:47:05,11,1.00,BASE,PASSED THROUGH
2026-07-24 21:47:08,12,1.00,BASE,PASSED THROUGH
2026-07-24 21:47:11,13,1.00,LID,DIVERTED
2026-07-24 21:47:15,14,1.00,BASE,PASSED THROUGH
2026-07-25 10:38:05,0,1.00,LID,DIVERTED
2026-07-25 10:38:42,0,1.00,LID,DIVERTED
2026-07-25 10:39:08,0,1.00,LID,DIVERTED
2026-07-25 10:39:33,0,1.00,LID,DIVERTED
2026-07-25 10:39:48,0,1.00,LID,DIVERTED
2026-07-25 10:40:09,0,1.00,BASE,PASSED THROUGH
2026-07-25 10:40:09,1,1.00,BASE,PASSED THROUGH
2026-07-25 10:40:44,0,1.00,BASE,PASSED THROUGH
2026-07-25 10:41:35,0,1.00,UNKNOWN,DIVERTED (unrecognized)
2026-07-25 10:41:42,1,1.00,UNKNOWN,DIVERTED (unrecognized)
2026-07-25 10:41:54,2,1.00,UNKNOWN,DIVERTED (unrecognized)
2026-07-25 10:42:00,3,1.00,BASE,PASSED THROUGH
2026-07-25 10:42:02,4,1.00,LID,DIVERTED
2026-07-25 10:42:11,5,1.00,BASE,PASSED THROUGH
2026-07-25 10:42:23,6,1.00,LID,DIVERTED
2026-07-25 10:42:39,0,1.00,BASE,PASSED THROUGH
2026-07-25 10:42:39,1,1.00,BASE,PASSED THROUGH
2026-07-25 10:42:52,0,1.00,LID,DIVERTED
2026-07-25 10:42:59,1,1.00,LID,DIVERTED
2026-07-25 10:43:11,2,1.00,BASE,PASSED THROUGH
2026-07-25 10:43:24,3,1.00,LID,DIVERTED
2026-07-25 10:43:31,4,1.00,LID,DIVERTED
2026-07-25 10:43:38,5,1.00,UNKNOWN,DIVERTED (unrecognized)
2026-07-25 10:43:46,6,1.00,LID,DIVERTED
2026-07-25 10:43:57,7,1.00,BASE,PASSED THROUGH
2026-07-25 10:44:04,8,1.00,LID,DIVERTED
2026-07-25 10:44:15,9,1.00,UNKNOWN,DIVERTED (unrecognized)
2026-07-25 10:44:24,10,1.00,LID,DIVERTED
2026-07-25 10:44:32,11,1.00,UNKNOWN,DIVERTED (unrecognized)
2026-07-25 10:45:16,0,1.00,BASE,PASSED THROUGH
2026-07-25 10:45:30,1,1.00,LID,DIVERTED
2026-07-25 10:45:38,2,1.00,LID,DIVERTED
2026-07-25 10:45:49,3,1.00,UNKNOWN,DIVERTED (unrecognized)
2026-07-25 10:45:58,4,1.00,BASE,PASSED THROUGH
2026-07-25 10:46:36,0,1.00,UNKNOWN,DIVERTED (unrecognized)
2026-07-25 10:46:36,1,1.00,UNKNOWN,DIVERTED (unrecognized)
2026-07-25 10:46:44,2,1.00,LID,DIVERTED
2026-07-25 10:46:45,3,1.00,LID,DIVERTED
2026-07-25 10:46:51,4,1.00,BASE,PASSED THROUGH
2026-07-25 10:46:58,5,1.00,BASE,PASSED THROUGH
2026-07-25 10:47:08,6,1.00,UNKNOWN,DIVERTED (unrecognized)
2026-07-25 10:47:13,7,1.00,BASE,PASSED THROUGH
2026-07-25 10:47:14,8,1.00,BASE,PASSED THROUGH
2026-07-25 10:47:14,9,1.00,BASE,PASSED THROUGH
2026-07-25 10:47:15,10,1.00,BASE,PASSED THROUGH
2026-07-25 10:47:15,11,1.00,BASE,PASSED THROUGH
2026-07-25 10:47:15,12,1.00,BASE,PASSED THROUGH
2026-07-25 10:47:23,13,1.00,UNKNOWN,DIVERTED (unrecognized)
2026-07-25 10:47:33,14,1.00,UNKNOWN,DIVERTED (unrecognized)
2026-07-25 10:47:34,15,1.00,BASE,PASSED THROUGH
2026-07-25 10:47:35,16,1.00,BASE,PASSED THROUGH
2026-07-25 10:48:04,0,1.00,BASE,PASSED THROUGH
2026-07-25 10:48:17,1,1.00,LID,DIVERTED
2026-07-25 10:48:27,2,1.00,LID,DIVERTED
2026-07-25 10:48:33,3,1.00,LID,DIVERTED
2026-07-25 10:48:44,4,1.00,BASE,PASSED THROUGH
2026-07-25 10:48:56,5,1.00,BASE,PASSED THROUGH
2026-07-25 10:49:05,6,1.00,LID,DIVERTED
2026-07-25 10:49:16,7,1.00,LID,DIVERTED
2026-07-25 10:49:26,8,1.00,BASE,PASSED THROUGH
2026-07-25 10:49:38,9,1.00,LID,DIVERTED
2026-07-25 10:49:47,10,1.00,LID,DIVERTED
2026-07-25 10:49:54,11,1.00,BASE,PASSED THROUGH
2026-07-25 10:53:48,0,1.00,LID,DIVERTED
2026-07-25 10:53:59,1,1.00,BASE,PASSED THROUGH
2026-07-25 10:54:10,2,1.00,BASE,PASSED THROUGH
2026-07-25 10:54:17,3,1.00,BASE,PASSED THROUGH
2026-07-25 10:54:28,4,1.00,LID,DIVERTED
2026-07-25 10:54:40,5,1.00,BASE,PASSED THROUGH
2026-07-25 10:54:48,6,1.00,BASE,PASSED THROUGH
2026-07-25 10:54:57,7,1.00,LID,DIVERTED
2026-07-25 10:55:09,8,1.00,LID,DIVERTED
2026-07-25 10:55:16,9,1.00,LID,DIVERTED
2026-07-25 10:55:20,10,1.00,BASE,PASSED THROUGH
2026-07-25 10:55:26,11,1.00,BASE,PASSED THROUGH
2026-07-25 11:00:30,0,1.00,BASE,PASSED THROUGH
2026-07-25 11:00:39,1,1.00,LID,DIVERTED
2026-07-25 11:00:49,2,1.00,LID,DIVERTED
2026-07-25 11:00:56,3,1.00,LID,DIVERTED
2026-07-25 11:01:08,4,1.00,LID,DIVERTED
2026-07-25 11:01:17,5,1.00,LID,DIVERTED
2026-07-25 11:01:28,6,1.00,BASE,PASSED THROUGH
2026-07-25 11:01:40,7,1.00,UNKNOWN,DIVERTED (unrecognized)
2026-07-25 11:01:49,8,1.00,LID,DIVERTED
2026-07-25 11:01:57,9,1.00,BASE,PASSED THROUGH
2026-07-25 11:02:05,10,1.00,BASE,PASSED THROUGH
2026-07-25 11:03:40,0,1.00,BASE,PASSED THROUGH
2026-07-25 11:03:48,1,1.00,BASE,PASSED THROUGH
2026-07-25 11:03:54,2,1.00,LID,DIVERTED
2026-07-25 11:04:06,3,1.00,BASE,PASSED THROUGH
2026-07-25 11:04:15,4,1.00,LID,DIVERTED
2026-07-25 11:04:24,5,1.00,LID,DIVERTED
2026-07-25 11:04:31,6,1.00,LID,DIVERTED
2026-07-25 11:04:40,7,1.00,LID,DIVERTED
2026-07-25 11:04:52,8,1.00,BASE,PASSED THROUGH
2026-07-25 11:05:04,9,1.00,BASE,PASSED THROUGH
2026-07-25 11:05:14,10,1.00,BASE,PASSED THROUGH
